Mutation Types	sars_cov_2_full	sars_cov_2_plus	sars_cov_2_minus
A[C>A]A	1682	0	673
A[C>A]C	1071	0	428
A[C>A]G	1014	0	406
A[C>A]T	0	0	0
A[C>G]A	74	0	29
A[C>G]C	25	0	10
A[C>G]G	90	0	36
A[C>G]T	0	0	0
A[C>T]A	763	0	305
A[C>T]C	917	0	367
A[C>T]G	1073	0	429
A[C>T]T	0	0	0
A[T>A]A	90	0	36
A[T>A]C	6	0	2
A[T>A]G	76	0	30
A[T>A]T	0	0	0
A[T>C]A	997	0	399
A[T>C]C	396	0	158
A[T>C]G	334	0	133
A[T>C]T	0	0	0
A[T>G]A	144	0	57
A[T>G]C	99	0	40
A[T>G]G	87	0	35
A[T>G]T	0	0	0
C[C>A]A	1205	183	445
C[C>A]C	821	209	286
C[C>A]G	1155	260	409
C[C>A]T	184	361	0
C[C>G]A	33	60	1
C[C>G]C	104	147	12
C[C>G]G	23	21	5
C[C>G]T	75	148	0
C[C>T]A	2935	3683	423
C[C>T]C	3383	4926	349
C[C>T]G	3404	3906	566
C[C>T]T	1990	3905	0
C[T>A]A	168	118	43
C[T>A]C	207	184	45
C[T>A]G	286	212	71
C[T>A]T	55	107	0
C[T>C]A	860	1055	129
C[T>C]C	1099	1643	105
C[T>C]G	559	657	90
C[T>C]T	705	1383	0
C[T>G]A	77	112	8
C[T>G]C	565	958	31
C[T>G]G	122	169	14
C[T>G]T	224	439	0
G[C>A]A	734	110	271
G[C>A]C	1240	128	470
G[C>A]G	354	38	134
G[C>A]T	23	46	0
G[C>G]A	5	1	2
G[C>G]C	34	21	9
G[C>G]G	15	4	5
G[C>G]T	2	4	0
G[C>T]A	898	1178	119
G[C>T]C	1285	857	339
G[C>T]G	601	716	94
G[C>T]T	474	930	0
G[T>A]A	36	40	6
G[T>A]C	5	0	2
G[T>A]G	70	43	19
G[T>A]T	1	2	0
G[T>C]A	771	1081	88
G[T>C]C	830	995	129
G[T>C]G	476	574	73
G[T>C]T	410	804	0
G[T>G]A	42	9	15
G[T>G]C	633	1148	19
G[T>G]G	56	71	8
G[T>G]T	84	165	0
T[C>A]A	1556	88	604
T[C>A]C	495	198	158
T[C>A]G	1029	118	387
T[C>A]T	82	160	0
T[C>G]A	248	159	67
T[C>G]C	32	17	9
T[C>G]G	109	8	42
T[C>G]T	66	130	0
T[C>T]A	2397	3804	183
T[C>T]C	5863	3626	1606
T[C>T]G	2768	3752	343
T[C>T]T	2646	5193	0
T[T>A]A	194	90	59
T[T>A]C	105	29	36
T[T>A]G	211	144	55
T[T>A]T	44	86	0
T[T>C]A	1463	2120	153
T[T>C]C	1049	1611	91
T[T>C]G	580	885	52
T[T>C]T	1824	3580	0
T[T>G]A	399	625	32
T[T>G]C	840	1228	86
T[T>G]G	232	344	23
T[T>G]T	774	1519	0
